priority,directory,submit_url,category,suggested_tags,short_description,long_description,status,notes
high,ToolDirectory.AI,https://tooldirectory.ai/,AI productivity,"AI writing; productivity; workplace; remote work","Turn rough work notes into manager-ready English updates.","ManagerReady AI helps non-native English professionals, remote workers, engineers, product managers, freelancers, and client-facing teams turn rough notes into polished English weekly updates, manager reports, client emails, and review summaries.",not_submitted,"Find submit path on site; source found 2026-05-09."
high,AIToolboard,https://aitoolboard.com/,AI writing,"AI writing; productivity; status updates; workplace","AI generator for polished manager and client updates.","ManagerReady AI is a focused AI writing tool that turns messy work notes into professional English updates for managers, clients, remote teams, and performance reviews.",not_submitted,"Search result shows Submit Your Tool; verify rules before submitting."
high,AITrove,https://www.aitrove.ai/,AI productivity,"AI tool; writing; work communication; SaaS","Generate clear English work updates from rough notes.","ManagerReady AI helps professionals write clearer weekly updates, manager updates, client emails, blocker reports, and performance summaries from shorthand or multilingual notes.",not_submitted,"Search result shows submit AI tool support path; verify form."
high,The Next AI,https://www.thenextai.com/,AI writing,"AI writing; productivity; business; work updates","A narrow AI tool for workplace status updates.","ManagerReady AI turns rough work notes into manager-ready English updates with scenario, tone, and length controls for weekly reports, client emails, engineering updates, and review summaries.",not_submitted,"Search result shows submit tool page."
high,AllAIWebsite,https://allaiwebsite.com/,AI writing,"free AI tool; writing; productivity; workplace","Turn rough notes into polished work updates.","ManagerReady AI is a free-preview AI writing tool for professionals who need clear English manager updates, client emails, and weekly reports.",not_submitted,"Search result says Submit Your AI Tool free."
medium,ToolNova,https://toolnova.ai/,AI productivity,"productivity; writing; workplace; remote teams","AI work update generator for remote professionals.","ManagerReady AI helps remote workers and non-native English professionals transform rough notes into polished English work updates and client communication.",not_submitted,"Search result shows Submit a Tool."
medium,Submit AI Tools,https://submitaitools.org/,AI tool submission,"AI writing; productivity; SaaS","ManagerReady AI turns messy work notes into polished updates.","A focused AI tool for weekly manager updates, client updates, blockers and risks, engineering weekly reports, and self-review summaries.",not_submitted,"Directory exists for AI tool submissions."
medium,TopTools.ai,https://toptools.ai/,AI productivity,"AI writing; workplace; productivity","Focused AI generator for manager-ready work updates.","ManagerReady AI helps users create professional English status updates from rough notes without setting up prompts in a general chatbot.",not_submitted,"Search result shows submit AI tool."
medium,ToolWorthy,https://www.toolworthy.ai/,AI productivity,"AI writing; work communication; productivity","Generate professional work updates from rough notes.","ManagerReady AI is a dedicated workplace writing tool for status updates, client emails, blocker reports, and performance review summaries.",not_submitted,"May have paid submission; skip paid if no clear value."
medium,Solaire Tools,https://www.solaire.tools/,AI productivity,"productivity; writing; remote work","AI assistant for clearer weekly work updates.","ManagerReady AI turns rough notes into professional English updates for managers, clients, and remote teams.",not_submitted,"Verify submit flow."
low,MossAI,https://mossai.org/,AI tools,"AI writing; productivity; workplace","ManagerReady AI helps write clearer work updates.","A focused AI work update generator for non-native English professionals and remote teams.",not_submitted,"Check if relevant language/region fit."
low,AiMatch,https://aimatch.pro/,AI productivity,"AI writing; productivity; work communication","Turn work notes into manager-ready updates.","ManagerReady AI helps professionals generate polished English weekly updates, manager updates, and client emails from rough notes.",not_submitted,"Verify whether submissions are open."

